story_id,user_screen_name,isFake,tags,simrank
1139865460953026560,BreitbartNews,true,[politics],{"BreitbartNews": 1, "RealAmerican747": 0.0, "MakariosM1": 0.0, "VexxedMedia": 0.0, "lauracgilleslil": 0.0, "mamacatlewis": 0.0, "AnAceofSwords": 0.0, "KimberlyMcInt19": 0.0, "PRUTO99": 0.0, "LovToRideMyTrek": 0.0, "killerkaush": 0.0, "deeputty67": 0.0, "London19721": 0.0, "EsotericFrogGod": 0.0, "Resistpcsjw": 0.0, "interimspace": 0.0, "Kent8360": 0.0, "chris_af_VP": 0.0, "feargalthecat": 0.0, "covfefeRosa": 0.0, "BoriquaGoddess": 0.0, "AgileCabbage": 0.0, "BasedFreePress": 0.0, "SardonicaRex": 0.0, "JennWolcott": 0.0, "EluxTroxl": 0.0, "sylc5star": 0.0, "KnucklesMal0ne": 0.0, "betty_dekanchuk": 0.0, "MScipio_African": 0.0, "souljahsingh": 0.0, "QuiEstLotus": 0.0, "Cherub973": 0.0, "JacFertuten": 0.0, "Athena1944": 0.0, "M_TI3R": 0.0, "cat17534": 0.0, "Maureen95410753": 0.0, "proudnana_3": 0.0, "jamiescottwrite": 0.0, "TheTrut54445297": 0.0, "BryanCorbitt3": 0.0, "mixedupinfidel": 0.0, "lighta457": 0.0, "TrumpsTheMan45": 0.0, "OKmomx3": 0.0, "HSkether": 0.0, "sher308": 0.0, "ROOSTERTLC": 0.0, "Lakecrazy": 0.0, "sleopando": 0.0, "mmkjw2": 0.0, "AgreeOrUrRacist": 0.0}
1139914664685580288,politicususa,true,[politics,trump],{"politicususa": 1, "bndsnoopy61": 0.0, "LadyGloriousjax": 0.025714285714285714, "JoyOfDachshunds": 0.0, "smcenturff": 0.0, "catsformede": 0.0, "Dzana1407": 0.0, "robbynb": 0.0, "reevynap": 0.025714285714285714, "GeostompX": 0.0, "LindaC528": 0.0, "Georgia17753006": 0.0, "GaryMartinV": 0.0, "dougmac0063": 0.0, "LindaSN0228WI": 0.0, "Willeamon": 0.025714285714285714, "BigBrotherQandA": 0.0, "FLOURNOYFarrell": 0.058162500000000006, "Idocki1": 0.042685714285714285, "PolitJunkieM": 0.025714285714285714, "ClarkReidSF": 0.0, "BJeanMohr1": 0.0, "MJGarciaKCMO": 0.0, "Mike_Padgett": 0.0, "KatGodspell": 0.025714285714285714, "ChrisRayBaca": 0.0, "lavenderblue27": 0.0, "GaryC23619095": 0.0, "delarunwoman": 0.0, "VickieHolley5": 0.0, "plumcat": 0.0, "pknoche": 0.0, "SocialControl": 0.0, "PamUnplugged": 0.0, "CurlingRiver": 0.0, "mindfulone1500": 0.0, "Diana1lovesNY": 0.0, "maritzasolito": 0.07328571428571429, "arenal2": 0.0, "realGenerationX": 0.0, "cyndispeaks": 0.09707142857142857, "Pegtopm": 0.0, "TrumpWatchNews": 0.0}
1139980218293215233,21WIRE,true,[trump,iran],{"21WIRE": 1, "a_cujo": 0.0, "Albion_Rover": 0.04149306194376248, "Fletcher_N_S": 0.0, "The_Jag_10": 0.0, "X_RayVision": 0.0, "DJSiri": 0.015789473684210527, "raystapartam": 0.056241389500537045, "RickAfonso3": 0.0, "_2nd_Opinion": 0.0, "am_mirk": 0.0, "kungfu_mandarin": 0.04694493860767992, "MartianLobotomy": 0.0, "NPCBOBO": 0.026052631578947372, "RussiaConnects": 0.036121345103831026, "Alobhin": 0.02368421052631579, "lord_truman": 0.02533982142857143, "milesoftruth": 0.03832101296677371, "JakemanORipple": 0.056241389500537045, "xenkallas": 0.03936188909774436, "CathcartRoad": 0.0, "mikeefield": 0.0, "kim9973": 0.027868421052631584, "marvinlgranlund": 0.0, "KSmth2000": 0.0, "71johnny": 0.028039612849086997, "TonyCartalucci": 0.036331519152792716, "carla_venezia": 0.04757142857142857, "BriannaCeleGill": 0.039441431636848816, "PaulTheNurse1": 0.05538468880907625, "ShinnerPreside1": 0.03936188909774436, "billm9": 0.05004375557196562, "Indy4scot": 0.056241389500537045, "Bellynda321": 0.0, "Harry71A": 0.0, "tonto_1964": 0.0, "JeanneSpooky": 0.0, "1GKh": 0.011842105263157895, "JieWang1111": 0.0, "Mrrational6": 0.056241389500537045, "lesleymcphers17": 0.0, "mcmounes": 0.0, "SevenStarsMedia": 0.02368421052631579, "Jaduk99": 0.04245513137755102, "JohnSto66290140": 0.0, "spannishchicken": 0.0, "kyranlucien1": 0.0, "AvgerinosMoscow": 0.0}
1140078466764853248,BreitbartNews,true,[trump,politics,tech],{"BreitbartNews": 1, "rceomfs": 0.0, "MarcoPo15951142": 0.0, "georgeorwell_84": 0.0, "laurajo82878461": 0.0, "Shawn13362415": 0.0, "KarlSanchez13": 0.0, "johnmckne": 0.0, "BrightonMighty": 0.0, "forsurftoo": 0.0, "JuradoTequila": 0.0, "Xantl": 0.0, "Tanya10049407": 0.0, "lauracgilleslil": 0.0, "sheevlord": 0.0, "debster7301": 0.0, "ForeRumple": 0.0, "infowarrior2019": 0.0, "JayIrvin40": 0.0, "freelancerminar": 0.0, "FlashBaspo": 0.0, "BrownManSpeak": 0.0, "realmajordan": 0.011554054054054054, "Thatsworrisome": 0.012162162162162163, "JKearby": 0.0, "embryglobal": 0.0, "tussock_bay": 0.0, "mikey1701": 0.0, "BenLin2015": 0.0, "Ella_Romero": 0.0, "tak123kib": 0.0, "brscheaffer": 0.0, "realWayneWade": 0.0, "Ziggizag": 0.0, "onehandtyping": 0.0, "flyboy7798": 0.0, "RichardHeater5": 0.0, "MartinStarshine": 0.0, "RAINbyte": 0.0, "ebbradley03": 0.0, "KnucklesMal0ne": 0.0, "NFkFKMNaQx78SPC": 0.0, "JDS44894884": 0.0, "roses12411": 0.0, "souljahsingh": 0.0, "reconoider": 0.0, "Ulrich83733807": 0.0, "calling12001": 0.0, "MM47821446": 0.0, "faccett": 0.0, "HOTTIEIRTEZA": 0.0, "KathleenInserra": 0.0, "jamiescottwrite": 0.0, "2lordhokage": 0.0, "Alistair1911x": 0.0, "noprezzie2012": 0.012162162162162163, "JackSarfatti": 0.0, "SharonC12624408": 0.0, "pb78234": 0.0, "GavrielNPuig": 0.0, "billg5050": 0.0, "SusanK21": 0.0, "Original_Shroom": 0.0, "TXHurricaneRed": 0.012162162162162163, "fisherman0707": 0.0, "laveaux777": 0.0, "Gitmoite": 0.0, "jpwilloughby": 0.0, "LaurelHolub": 0.0, "misslexi9162": 0.0, "ROOSTERTLC": 0.0, "jamie_marie73": 0.0, "Bravery05089991": 0.0, "blackmyre": 0.0, "SpeakinFromTN": 0.0, "redhead_1862000": 0.017635135135135135, "HowardCosell8": 0.0, "michael05833466": 0.0, "MikeWel61210085": 0.0, "lance_pool": 0.0}
1139906468315095040,politicususa,true,[trump,politics],{"politicususa": 1, "MiamiNice57": 0.0, "yellingtree1": 0.0, "gmrCPC": 0.0, "girlzinger": 0.0391304347826087, "shellyamberston": 0.0, "catsformede": 0.0, "patp63": 0.0, "bendi02": 0.0, "abirish": 0.0, "midtowner33": 0.0391304347826087, "KAYLEEBURRIS": 0.0, "VictorMattoon": 0.0, "Willeamon": 0.0391304347826087, "PolitJunkieM": 0.0391304347826087, "roentgens9": 0.0, "joy31608": 0.0391304347826087, "lavenderblue27": 0.0, "lynneknieling": 0.0, "uciccolella": 0.0, "art2u2": 0.06407608695652173, "malama00": 0.0, "magananda": 0.0, "Amatodeb": 0.09441440217391303}
1139948716608167937,politicususa,true,[politics,iran],{"politicususa": 1, "LajosneVegh": 0.0, "bndsnoopy61": 0.0, "SylviaZ1913": 0.0, "catsformede": 0.0, "JoyOfDachshunds": 0.0, "Mshambee": 0.0, "GeostompX": 0.0, "donniedingdong": 0.036000000000000004, "JanelleT54": 0.0, "rjber15": 0.0, "janasee35": 0.0, "mccuebillie": 0.0, "reigns_allison": 0.0, "PolitJunkieM": 0.0, "mamelaine": 0.0, "MJGarciaKCMO": 0.0, "dfalls38": 0.0, "KatGodspell": 0.0, "EarlLemieux": 0.0, "darmagirl24": 0.0, "TinyFingerTrump": 0.0, "ApolCor": 0.036000000000000004, "malama00": 0.036000000000000004, "denis_st_lauren": 0.0, "RSmith1935": 0.0, "UnclearLAS": 0.0, "Bahjat1984": 0.0, "ElGuapoismad": 0.0, "Samiknowsbest1": 0.0, "Noorsara15": 0.0, "kinslow_ann": 0.0}
1140392133825835008,TheOnion,true,None,{"TheOnion": 1, "Basic_Chunnel": 0.0, "tamcfall": 0.0, "csix": 0.0, "CarlGucciardi": 0.0, "Gulrakruk": 0.0, "IknowWhatdo": 0.0, "SirPawsies": 0.0, "TannerTrue": 0.0, "dpmuldowney": 0.0, "OG_PHILY": 0.0, "Based_Sniper88": 0.0, "henrytatkinson": 0.0, "Jojo_Gondolas": 0.0, "JohnCrowell": 0.0, "RegeneratedArts": 0.0, "kuhboi": 0.0, "ToddOnFranchise": 0.0, "ebrynnw": 0.0, "Ch3rryFlavored": 0.0, "heyitschili": 0.0, "pete4real": 0.0, "Dannyxv8": 0.0, "tinyboo49": 0.0, "AlbaneseKaydn": 0.0, "UFOtekkie": 0.0, "i_am_trashman": 0.0, "sophyish": 0.0, "FullofRuth": 0.0, "AdamWalkerNS": 0.0, "PbeWaldo": 0.0, "DishNickel": 0.0, "galletly_mike": 0.0, "FoxyGrandpa18": 0.0, "BakedMcq": 0.0, "DockRogersNC": 0.0, "clickmadness": 0.0, "TheSeoulEcho": 0.0, "_nayzaa": 0.0, "XRobsPunchinBag": 0.0, "Brensweets": 0.0, "SpookySeanT": 0.0, "whiteeshadoow": 0.0, "GreerAlec": 0.0, "EJF_215": 0.0, "taisydackett": 0.0}
1139935778182717440,BreitbartNews,true,[politics,trump],{"BreitbartNews": 1, "VictorSproule": 0.0, "obiekezie_b": 0.0, "lauracgilleslil": 0.0, "Xantl": 0.020454545454545454, "slacktivist00": 0.0, "scrapper135": 0.0, "aileeng009": 0.0, "patstokes2063": 0.0, "LovToRideMyTrek": 0.0, "BubaloDanny": 0.0, "LanaAshford1": 0.020454545454545454, "yylow02": 0.0, "PattonNatalie": 0.0, "Thatsworrisome": 0.0, "lezleecog": 0.0, "JERRYO1029": 0.0, "My2centz_1": 0.0, "BoriquaGoddess": 0.0, "MikeDe_1": 0.0, "Hoya97": 0.0, "JanetHarvey_": 0.0, "jaredhidden": 0.0, "ressiger1111": 0.020454545454545454, "nateman79": 0.0, "GeezOMan1": 0.0, "calling12001": 0.0, "hepelopo": 0.0, "BobJavorcic": 0.0, "PRowan131": 0.0, "wallyandwill": 0.0, "barrypartain": 0.0, "dixie_sorensen": 0.0, "beamstx": 0.0, "mcbear82": 0.0, "JoeSmit34957337": 0.0, "JohnHawkwood62": 0.0, "BolindaH": 0.0, "drjsilentwolf": 0.0, "rstephe364": 0.0, "ROOSTERTLC": 0.0, "PortiaLogic": 0.0, "Bravery05089991": 0.0, "MynardPamela": 0.0, "scottistalking": 0.0, "truthte30136618": 0.0}
1140242652480376832,ClickHole,true,None,{"ClickHole": 1, "MeowkerThePony": 0.0, "TheRealJohnBend": 0.0, "skeletalcraz": 0.0, "vamonelson": 0.0, "CaPayne18": 0.0, "driverseatAlex": 0.0, "LoKiMaLuS1": 0.0, "claireminoui": 0.0, "voxmichaeli": 0.0, "fanofsoil": 0.0, "SierraSchneide3": 0.0, "abIgheck": 0.0, "omibmaB": 0.0, "Tentabrobpy": 0.0, "IdiotRachel": 0.0, "JamesDFMellor": 0.0, "busanbuddy": 0.0, "JakeOJack": 0.0, "issslit": 0.0, "willbertke": 0.0, "RenegadePizaGuy": 0.0, "roochdollar": 0.0, "generatedhandle": 0.0, "wheezygonzalez": 0.0}
1139880274962059264,ClickHole,true,None,{"ClickHole": 1, "damnyouwillis": 0.0, "BudrykZack": 0.0, "InfiniteLegend": 0.0, "JCobGoose": 0.0, "surlyjackson": 0.0, "GoodPenguinJoke": 0.0, "ecclisiastamort": 0.0, "michlek_frogdog": 0.0, "ayylonso": 0.0, "catherine346xo": 0.0, "selviano": 0.0, "SullivanPaulD": 0.0, "LeoRizzi4": 0.0, "holdenawfield": 0.0, "fufugoofy": 0.0, "flowsweetly": 0.0, "JayPott1969": 0.0, "steven_gravel": 0.0, "soy_person": 0.0, "delaflame_": 0.0, "joel_krahn": 0.0, "charles_kinbote": 0.0047872340425531915, "Towelprazolam": 0.0, "margwarett": 0.0, "yungmacedgod": 0.0, "Schgain": 0.0, "nosleeptilbed": 0.0, "amyadamsoscarr": 0.0, "hala_at_my_girl": 0.0, "THE__BILLDOZER": 0.0, "brmicali": 0.0, "rudnicknoah": 0.0, "Josiah_Clark": 0.0, "iPaulie": 0.0, "BrianHatt1": 0.0, "Vinnyp242": 0.0, "vendyjane": 0.0, "leylaaa31": 0.0, "im_bill_clinton": 0.0, "DJackOnTrack": 0.0, "CreamyTrannie": 0.0, "danaandvictory": 0.0, "JohnSchreiber8": 0.0, "dRF3lL": 0.0, "BoothmanIsaac": 0.0, "joddy46423873": 0.0, "OrionChuzz": 0.0, "kendrawcandraw": 0.0, "ncnoise": 0.0, "ErnestTriesBDSM": 0.0, "ihaveargyles": 0.0, "Jacezilla": 0.0, "IssueFortyFive": 0.0, "Utawareruharpo": 0.0, "danwaterfield": 0.0}
1139911776659787776,politicususa,true,[politics,trump],{"politicususa": 1, "SonyaSamuels": 0.053839285714285715, "Mike_Charles": 0.0, "bndsnoopy61": 0.0, "silverthornn264": 0.10446428571428572, "NanaDavis_46": 0.0, "SylviaZ1913": 0.03214285714285714, "RobertELZEY12": 0.0, "brolivor": 0.033749999999999995, "charlesazorn": 0.0, "catsformede": 0.0, "RobertMouton4": 0.0, "dougmac0063": 0.0, "earthtoreform": 0.03214285714285714, "DianaSc99717236": 0.0, "Willeamon": 0.03214285714285714, "PolitJunkieM": 0.06830357142857142, "ClarkReidSF": 0.0, "kharly": 0.07595758928571429, "jogdmc": 0.0, "Mike_Padgett": 0.0, "cloudymeadows": 0.0, "lleuer8": 0.0, "lavenderblue27": 0.0, "GaryC23619095": 0.0, "persistentpengn": 0.0, "msjbe20a": 0.09786495535714287, "uciccolella": 0.0, "Kaye2Lady": 0.0, "Mairi06104455": 0.02142857142857143, "HeliaTropist": 0.03294642857142857, "AnnFrost3": 0.013660714285714285, "KnieriemenSusan": 0.01607142857142857, "StephSEcologist": 0.0, "PModibe": 0.0, "stshinn": 0.016874999999999998, "KimiMom3": 0.0, "bright8694": 0.011249999999999998, "SethPittman16": 0.0, "dogfaceArmy": 0.0, "Crazy8ADELLA": 0.0, "hartingtonb": 0.0, "HappyinazLyn": 0.0, "raphaelha67": 0.0, "brainboomr22": 0.0, "VirginiaLoughn1": 0.0, "diannesopinion": 0.0, "KristiGoodwin44": 0.0, "shotgunn28": 0.03214285714285714, "mspdcali": 0.0}
1139927656403746821,BreitbartNews,true,[politics,us,china],{"BreitbartNews": 1, "DDeBurgen": 0.0, "Mike93105758": 0.0, "lionhead1967": 0.0, "Dcrockett1776": 0.0, "jolady42": 0.0, "LovToRideMyTrek": 0.0, "paulaledfordwa1": 0.0, "MikeMatthewsua": 0.0, "yylow02": 0.0, "melons4u": 0.0, "vicky_vglend": 0.0, "AngelTongued": 0.0, "KarskiJoe": 0.0, "snekmeseht": 0.016981132075471698, "My2centz_1": 0.0, "BoriquaGoddess": 0.0, "StruanIan": 0.0, "SoyBeanSunrise": 0.0, "handicapper53": 0.016981132075471698, "Gumanti95485609": 0.0, "jodyana1976": 0.028867924528301888, "MiaTorres8": 0.0, "bucaneropr": 0.0, "souljahsingh": 0.0, "Elky305": 0.029245754716981136, "dazgood500": 0.0, "SergeHalytsky": 0.016981132075471698, "calling12001": 0.0, "conservativemon": 0.016981132075471698, "BaklavaEater": 0.0, "ocpaver": 0.038080188679245286, "zinser_steven": 0.0, "dougalpollux": 0.0, "cat17534": 0.016981132075471698, "BRADRush12": 0.0, "Maureen95410753": 0.0, "eri_mk66": 0.0, "elaine_nita": 0.0, "SlowGoncalves": 0.0, "MiddleRoader23": 0.0, "SteveHammSC": 0.0, "ArthurW98952497": 0.0, "JohnHawkwood62": 0.0, "oldriccid": 0.0, "GoldeeGreen": 0.0, "fulredy": 0.0, "mildlyperturbed": 0.0, "YeseniaKyomi": 0.0, "jpwilloughby": 0.0, "ROOSTERTLC": 0.0, "ghostCrow88": 0.052641509433962265, "ViRiYaBOT": 0.0, "TheDonaldwin": 0.0, "iAmTheWatchman3": 0.03481132075471698, "ModernDialogues": 0.0, "Isratjahhan": 0.0, "GeraltKa": 0.0, "michael05833466": 0.0, "Burnouts3s3": 0.0}
1139925597583532032,CRG_CRM,true,[politics,war],{"CRG_CRM": 1, "dtGk2hjkzwpJpen": 0.0, "MikeMtk63": 0.03461538461538462, "agimediata": 0.0, "Iconoclastttt": 0.0, "AnttiHarjula": 0.0, "kevskewl": 0.0, "alliomack": 0.0, "porridgeisgood": 0.0, "maxrafaelwaller": 0.0, "vanillalies2": 0.0, "enrirosasdiaz": 0.0, "FCriticalThink": 0.0, "lexandr11": 0.0, "dojicandlestick": 0.0, "Dragon17xrt": 0.0, "vandman777": 0.0, "danrobertson88": 0.0, "MircoSimeoni": 0.0, "MaryamYahawadah": 0.0, "kglben": 0.0, "nanjamonja365": 0.0, "dual_geminis": 0.0, "neek917": 0.0, "ceejay410": 0.0, "ZEITGEIST_KG": 0.0, "GGodLove77": 0.0, "Undetermined_US": 0.0, "freedomfor_all": 0.0, "elben3000": 0.0, "amandas81849097": 0.0, "manatrue": 0.0, "OhBleakEarth": 0.0, "RamboRambo3rd": 0.0}
1139893971461857280,chlorine0328,false,None,{"chlorine0328": 1, "sweetharst": 0.0, "mvrkkbum": 0.0, "piayee": 0.0, "NyamNyamJy": 0.0, "hi_peru": 0.0, "mochigesseo": 0.0, "Babahbam": 0.0, "miyarsvita": 0.0, "arstralyj": 0.0, "yongbokiwi": 0.0, "aghasay0": 0.0, "ayutuan852": 0.0, "kylamykaella": 0.0, "prdsmicha": 0.0, "Yimz04906600": 0.0, "mxlcvebub": 0.0, "rubyseol": 0.0, "zipdacrazy": 0.0, "MyonYat": 0.0, "chqngbin": 0.0, "AmLaksanaporn": 0.0, "thosespringdays": 0.0}
1139923398132424705,CRG_CRM,true,[iran,israel,war],{"CRG_CRM": 1, "intermatrixnaut": 0.0, "revolutioncap": 0.0, "CharlesCatagnu5": 0.0, "muwee2001": 0.0, "agimediata": 0.0, "Iconoclastttt": 0.0, "Shane_L_G": 0.0, "AnttiHarjula": 0.0, "kevskewl": 0.0, "alliomack": 0.0, "WandaScott2019": 0.0, "maxrafaelwaller": 0.0, "enrirosasdiaz": 0.0, "FCriticalThink": 0.0, "XuTaHy": 0.0, "Dragon17xrt": 0.0, "Ibefastubeslow": 0.0, "haque_shahidul": 0.0, "Federica_1310": 0.0, "NerdyGerdyMan": 0.0, "badgerfem": 0.0, "GGodLove77": 0.0, "KerryBindon": 0.0}
1140061456060297217,ClickHole,true,None,{"ClickHole": 1, "ayoung_pioneer": 0.0, "BobbyPantuso": 0.0, "queenburtis": 0.0, "ZachKoromaru": 0.0, "kef357": 0.0, "Giles_robinson": 0.0, "Jackapedia_": 0.0, "ThraxiJohnny": 0.0, "FroNoFH": 0.0, "discoskwalla": 0.0, "schraderbrau88": 0.0, "Smeargle10": 0.0, "ablington": 0.0, "JacobG784409": 0.0, "CthulhuSenpai": 0.0, "marios_brother": 0.0, "obamas_alizard": 0.0, "OG_Skeet": 0.0, "QuintinPeters11": 0.0, "jacketlizard": 0.0, "theycallme_erma": 0.0, "BreherBenjamin": 0.0, "eezeewhy": 0.0, "Towelprazolam": 0.0, "virus_phantom": 0.0, "Lordunger": 0.0, "adamthespookist": 0.0, "Atomizer_X": 0.0, "Exosynjii": 0.0, "KlingenbergJack": 0.0, "LordSweepy": 0.0, "shazelgames": 0.0, "hala_at_my_girl": 0.0, "SCP3939": 0.0, "DefaultMisRable": 0.0, "thegoldenspike": 0.0, "LunaX72951235": 0.0, "momerathsxoxo": 0.0, "dsal1829": 0.0, "bobchanning": 0.0, "exZACHtly26": 0.0, "doedonpachi": 0.0, "emcardle": 0.0, "dbmillerphoto": 0.0, "Earth_Herself": 0.0, "gothbepki": 0.0, "animeminionbage": 0.0, "ethan_v3": 0.0, "kalothis": 0.0, "NomeUdnt": 0.0, "BitesTheDust6": 0.0, "BillAdams": 0.0, "miniacmarcus": 0.0, "mariana_isabelg": 0.0, "HesychastNaruto": 0.0, "Der_Eisenhans": 0.0}
1140171260477018112,21WIRE,true,[macron,politics],{"21WIRE": 1, "Patrick32819774": 0.0, "edwardswain1": 0.0, "alohamaid": 0.0, "blackdog66": 0.0, "am_mirk": 0.0, "Ddonfon": 0.0, "kungfu_mandarin": 0.0, "McJake45000": 0.0, "jgx1313": 0.0, "Markus_Burkus": 0.0, "magbi5": 0.0, "JohnRHouse1": 0.0, "Alobhin": 0.0, "gogetemboy1969": 0.0, "joaonunes67": 0.0, "johnnysomers": 0.0, "Jmoore37Moore": 0.0, "TheCeeside": 0.02368421052631579, "SusPensionPete": 0.0, "JamesMarron1": 0.0, "4thAnon": 0.0, "LuchG2": 0.0, "IdonAkarnan": 0.0, "PaulTheNurse1": 0.0, "surveyorX": 0.0, "polluxc": 0.0, "monkey201905": 0.0, "dhillos318": 0.0, "tonto_1964": 0.0, "quiscustodis": 0.0, "Harry71A": 0.0, "NeilKenny10": 0.0, "joneslewis55": 0.0, "Neil_Youngson": 0.0, "ROY_MADRON": 0.02368421052631579, "MrSaintMountain": 0.0, "Snipper_13": 0.0, "donna_NC07": 0.0, "mcmounes": 0.0, "indueseason777": 0.0, "LongbowCrusader": 0.0, "Terra_Eri": 0.0, "jindabine": 0.0, "MaahesMennie": 0.0, "coliniv55": 0.0}
1140001077691133959,ClickHole,true,[spacex,hellmanns],{"ClickHole": 1, "SluttySam2": 0.0, "NeuroPolarbear": 0.0, "el_twigranto": 0.0, "pikachuevie": 0.0, "LiteralGuardDog": 0.0, "_cemeterydriive": 0.0, "Rodlingo": 0.0, "EtTuCarl": 0.0, "mikeynewPFF": 0.0, "that_mean_fish": 0.0, "marios_brother": 0.0, "skoontastic": 0.0, "Tehficus2": 0.0, "ThatZommy": 0.0, "TheVeryInternet": 0.0, "nacho_giammaria": 0.0, "NandorRacz": 0.0, "Atomizer_X": 0.0, "Joanillo_haha": 0.0, "ComradePremier": 0.0, "Benoslays": 0.0, "electronzap": 0.0, "MoldyMouseFood": 0.0, "WeirdNerd42": 0.0, "kaleopedeia": 0.0, "omniscientbeet": 0.0, "KMeerschaertJax": 0.0, "HMATTHIAS": 0.0, "ECMiller1989": 0.0, "BadaBeating": 0.0, "stevenThompson8": 0.0, "pickleshanks": 0.0, "TGMetsFan98": 0.0, "Ham66": 0.0, "GadgetAdepts": 0.0, "TonyLimaPOL": 0.0, "RDhaniswara": 0.0, "miniacmarcus": 0.0, "BizzareI": 0.0, "theberriestmary": 0.0, "oainac": 0.0}
1139887625609895936,BreitbartNews,true,[republicans,politics],{"BreitbartNews": 1, "Scottindallas11": 0.0, "Brandon97838550": 0.0, "rucass5": 0.0, "LegsEddie": 0.0, "collie_3": 0.0, "ScottBonnet5": 0.0, "JohnCon10959122": 0.0, "Bear4380": 0.0, "HJoeNevills": 0.0, "WhatAreYouDrunk": 0.0, "KarenLeeCC": 0.0, "aliso009": 0.0, "fritz_sproul": 0.0, "MarieWrigh": 0.0, "HerrinDebra": 0.0, "RitaZ143": 0.0, "BlackDo60528873": 0.0, "dave_herald": 0.0, "lynney62": 0.0, "sdarkwah": 0.0, "1Xtrem": 0.0, "WARPUG": 0.01270334928229665, "MiaTorres8": 0.0, "hitt_jr": 0.0, "RicoBM": 0.0, "TopViewTower": 0.0, "RomeoPapaFox": 0.0, "Velouri72718464": 0.00430622009569378, "4thExplanition": 0.0, "covfefewarrior": 0.00430622009569378, "seanmurphyx98": 0.0, "joans964": 0.0, "Lisabcajunlady": 0.0, "nutjob": 0.00430622009569378, "FathimaHussein": 0.0, "egatz4u2": 0.0, "RgPhipps": 0.0, "joej2020usa": 0.00430622009569378, "SactownsPhinest": 0.0, "Richard2015200": 0.0, "MarcoPo15951142": 0.0, "craig_corsini": 0.0, "HaboobSurfer": 0.0, "IndictmentOf": 0.0, "KarlSanchez13": 0.0, "royvalverde7": 0.0, "obiekezie_b": 0.0, "Explorer818": 0.0, "sandiegodavo": 0.00430622009569378, "william85568512": 0.0, "jessefromwi": 0.0, "docand2611": 0.0, "LovToRideMyTrek": 0.0, "LVGOP": 0.0, "infowarrior2019": 0.0, "markalsmith": 0.01018421052631579, "mrugemer": 0.0, "guytron2": 0.0, "willcsquared": 0.0, "LiberalConser12": 0.0, "CPG925": 0.0, "TheDawgFather78": 0.0, "attackgirl": 0.0, "sylc5star": 0.0, "ronaboe5": 0.0, "MidwestViews": 0.0, "RGRichards": 0.0, "kathyrolandsmit": 0.0, "shbco": 0.0, "sidmacaz": 0.0, "angry_at_gov": 0.0, "trbram": 0.0, "prigge_joseph": 0.0, "AutorComendante": 0.0, "vickie_babbitt": 0.0, "RussakGeraldine": 0.0, "Thesmoke79": 0.0, "nuho1": 0.0, "GDeinhard": 0.0, "BobJavorcic": 0.0, "MRickelmann": 0.0, "ekimebam": 0.0, "Struth92701547": 0.0, "march1375": 0.00430622009569378, "MysticalMikeQ17": 0.0, "Anzers": 0.00430622009569378, "SavetheRepubli2": 0.0, "PecinovskyRon": 0.0, "Akazo": 0.0, "Gitmoite": 0.0, "LancelotALamar": 0.0, "HellenBittewen": 0.0, "JamesJbean76": 0.0, "2020TJD": 0.0, "willliamblalock": 0.0, "tampa63": 0.0, "BloisGary": 0.0, "BobbyBeaverSr": 0.0, "TRichardMeyers1": 0.0, "MGB801": 0.0, "SteveBa95854165": 0.0, "vandayyt": 0.0, "DaddyRoach": 0.0, "Bubba9106": 0.0, "bittergrapes88": 0.0, "richard_hicks4": 0.0, "forsurftoo": 0.0, "nicholasvirzi": 0.0, "SCWOFTX": 0.0, "DennisRasmuss1": 0.0, "JANEPUBLIK": 0.0, "jolady42": 0.0, "pentalupi_dhpjr": 0.0, "CJ27__": 0.0, "verbalese": 0.0, "JorgensonBrent": 0.0, "hmanzo0723": 0.0, "snekmeseht": 0.0, "TALLTALL2": 0.0, "Bulawayo87": 0.0, "PonyBoy88394613": 0.0, "DeloresVallot": 0.0, "rydell_barrett": 0.0, "law0513": 0.0, "FOGDad60": 0.0, "Tw5629Tah": 0.0, "cmalex79": 0.0, "stoofdriver62": 0.0, "jaybluuee": 0.009918660287081339, "SKrysevig": 0.0, "JasonDisalvo44": 0.0, "christo55696692": 0.0, "Maureen95410753": 0.00430622009569378, "GmaP83": 0.0, "born2ride2007": 0.0, "Broncox2": 0.0, "BeTheHappy777": 0.0, "Bagehot99": 0.0, "paauilo11": 0.0, "NewLepanto": 0.0, "AmenPass": 0.0, "ptsd1471": 0.0, "BobtheReplier": 0.0, "BeckyRowell2": 0.0, "johndeibel": 0.0, "MrJohnSmith02": 0.0, "DonBark01229067": 0.0, "gordian2012": 0.0, "ronhayes389": 0.0, "Leonard25101814": 0.0, "Brian_K_Wood": 0.0, "Mel19791": 0.0, "ArtAdelberg": 0.0, "j_fusilier": 0.0, "MariaBonanno9": 0.01270334928229665, "KuhlmannBill": 0.0, "RichieMoore4": 0.0, "retiredcop2014": 0.0, "JoeChaput2": 0.0, "MarkWebb2823": 0.0, "513_5936": 0.0, "MaxineParson": 0.0, "jssanchez1998": 0.0, "Bob13018852": 0.0, "Royalbcoco": 0.0, "VeteranAnother": 0.0, "NativePolock": 0.0, "Kaycee_314": 0.008031100478468901, "RickStanley12": 0.0, "JackDaw64065007": 0.0, "JAMESPA09059591": 0.0, "brscheaffer": 0.0, "My2centz_1": 0.0, "capeannpainter": 0.0, "MartySchafter": 0.00430622009569378, "DrPhilKn0ws": 0.0, "ThankfulToday1": 0.00896555023923445, "cody_eski": 0.0, "georgiavol": 0.0, "puppatee": 0.0, "souljahsingh": 0.0, "dazgood500": 0.0, "JamesEverly1961": 0.0, "ReneTheOneOnly1": 0.0, "Emil977": 0.0, "SteveGavatorta": 0.0, "Chiefrocka16": 0.0, "JIMLLOY46004551": 0.0, "red8rocks": 0.0, "gary_kenworthy": 0.0, "dick_rjm5": 0.0, "bigbrowntrout": 0.0, "Vaiv71738794": 0.0, "cat17534": 0.00430622009569378, "DannyKain1": 0.0, "DanielJFunk42": 0.0, "leagle3434": 0.0, "Cole44749821": 0.0, "Gray44356237": 0.0, "FWButlerDVM": 0.0, "40to5yet": 0.0, "RoseWoo59248280": 0.0, "ADEYEMOADEKUNL2": 0.0, "GCoastPatriot": 0.0, "KnucklDraginSam": 0.0077942583732057424, "1cst1tsc": 0.0, "TheodoreHerre15": 0.0, "grandpatoby": 0.0, "Jef_Fincher": 0.0, "INNCAREERS": 0.0, "Burnouts3s3": 0.0, "crusader4US": 0.0, "billydeen643": 0.0, "Harry49734617": 0.0, "lance_pool": 0.0, "realJamesIrwin": 0.0}
1140304883242942465,Phillies,false,None,{"Phillies": 1, "EaglesJesse": 0.0, "maddiefrei": 0.0, "TonyAschyan": 0.0, "madadork": 0.0, "PaulMikeyB": 0.0, "PhilDi18": 0.0, "BlinkSSB": 0.0, "DelaneyWales": 0.0, "jelani_macon": 0.0, "PaytonCarlton": 0.0, "BigBlueTopper": 0.0, "PCabbag3": 0.0, "TabascoCoot": 0.0, "ljweldon0": 0.0, "Crank_Up_theAC": 0.0, "V65_biker": 0.0, "melissahughey": 0.0, "chenan_yepiz": 0.0, "_jneww": 0.0, "carolinazgaytan": 0.0, "EStFan1964": 0.0, "jordanriggsbee": 0.0, "Michael99725334": 0.0, "brannyH_7": 0.0, "slugarich30": 0.0, "ProducerWes": 0.0, "jschiff54": 0.0, "hunter_misuraca": 0.0, "DJEllifson04": 0.0}
1140306312942800898,politicususa,true,[trump,politics,russia],{"politicususa": 1, "RoWithit": 0.0, "annie5133": 0.0, "Rickreiley": 0.0, "xscoutie": 0.0, "silverthornn264": 0.0, "kat_pep_kat": 0.0, "LadyGloriousjax": 0.021951219512195124, "NanaDavis_46": 0.0, "suntansea": 0.0, "MarcRCuevas": 0.0, "bndsnoopy61": 0.0, "ArtisticEye1": 0.0, "mryfrtsn": 0.0, "OttawaAngelique": 0.0, "NikalKatha": 0.031987317073170735, "khorah": 0.0, "pringle13_mike": 0.0, "ojodio_jodi": 0.0, "BigBrotherQandA": 0.0, "GrouperBreath": 0.0, "syringa11": 0.0, "washl003": 0.0, "santo_aol": 0.021951219512195124, "mujerpescado": 0.0, "jqmdaf": 0.0, "TinyFingerTrump": 0.0, "ThomasGambrel2": 0.031987317073170735, "lavenderblue27": 0.026692682926829272, "der_goer": 0.0, "INash": 0.0, "TerryMcKay2": 0.0, "hoffmanjoyce": 0.0, "Bark_Kitty": 0.0, "JohnnyHeldt": 0.031987317073170735, "pthe_u": 0.0, "timethief": 0.0, "silverknight196": 0.0, "WhobbaBobba": 0.0, "Irlandia": 0.0, "bkobrin129": 0.0, "RSmith1935": 0.0, "LailaNajnin": 0.0, "AmyEverhart": 0.0, "moehigs": 0.0, "Do3Rogers": 0.0}
1139836584998637569,elilieb,false,[swift,lgbtq],{"elilieb": 1, "thallius_anders": 0.0, "Syaaaaaapit": 0.0, "SelinSwift5": 0.0, "nonichanel_": 0.0, "amstutsman": 0.0, "paje89": 0.0, "CraigRMacD": 0.0, "maceyswift13": 0.0, "scorpxnia": 0.0, "mxrandas": 0.0, "tommoftrbb": 0.0, "hannahfun1": 0.0, "yessy_Berry": 0.0, "getoffonthis": 0.0, "Queenof90s": 0.0, "jenlynn2015": 0.0, "Babijns": 0.0, "canixalle": 0.0, "TayleesiStrmbrn": 0.0, "ayedrian___": 0.0, "_aerxplane": 0.0, "talylswift": 0.0, "Loku_kika": 0.0, "sotypicallybrit": 0.0, "iheartswiftyy": 0.0, "quennede": 0.0}
1140170052374859776,21WIRE,true,[politics,war],{"21WIRE": 1, "saluspopuliorg": 0.0, "Life_First": 0.0, "am_mirk": 0.0, "kungfu_mandarin": 0.0, "ISRAEL_PREDATOR": 0.0, "irrpfad": 0.0, "TheCeeside": 0.0, "ranchero_42": 0.0, "careyrussell45": 0.0, "JosMirek": 0.0, "FilmsKipunji": 0.0, "katiabojo": 0.0, "zugons": 0.0, "schaechterle": 0.0, "Bellynda321": 0.0, "monkey201905": 0.0, "dhillos318": 0.0, "eric_stoly": 0.0, "Rollo54": 0.0, "RyanE47272013": 0.0, "alinayebi123": 0.0, "Kanagalingam": 0.0, "djbrogandj": 0.0, "PaJMitchell": 0.0, "LydiaManiatis": 0.0, "claracampostor1": 0.0, "JieWang1111": 0.03333333333333333, "mcmounes": 0.0, "TruthExcavator": 0.0}
1140199564273573889,limlouisa,false,[politics,hongkong],{"limlouisa": 1, "mahootna2": 0.0, "IlxJack": 0.0, "MPeadon": 0.0, "Hiber94314036": 0.0, "winterbeauty888": 0.0, "eee_eff": 0.0, "pak9": 0.0, "mandywo46484342": 0.0, "DingWengui": 0.0, "JudiciaIreview": 0.0, "bromideW": 0.0, "stephdogfoot": 0.0, "ShivaniDivadkar": 0.0, "9centts": 0.0, "PratushSayan": 0.0, "drunksputnik": 0.0, "harhanuoli": 0.0, "zelen_croser": 0.0, "iSiyasah": 0.0, "wahoovelox": 0.0, "kydney": 0.0, "AlfieLau888": 0.0, "killingcla": 0.0, "Geno3oo": 0.0}
1139985715570384897,politicususa,true,[politics,trump,doj],{"politicususa": 1, "HarperRausch": 0.028125, "Mike_Charles": 0.0, "bndsnoopy61": 0.0, "silverthornn264": 0.052149726562500005, "manyfeathers514": 0.0, "PatFanelli2": 0.0, "BillSech": 0.0, "lionman47": 0.0, "charlesazorn": 0.0, "mryfrtsn": 0.0, "catsformede": 0.0, "2havefun72": 0.0, "GeostompX": 0.0, "StockScout1": 0.028125, "LJSearles": 0.0, "robdromb": 0.0, "CarmenJ53282807": 0.0, "LenaDarlene2": 0.0, "PolitJunkieM": 0.0400376953125, "maxthecat2000": 0.0, "TinkerStinker66": 0.0, "KatGodspell": 0.028125, "darmagirl24": 0.0, "gogatlin13": 0.0, "DEBRACLINTON": 0.0376171875, "Margo60274100": 0.0024046874999999997, "lavenderblue27": 0.0, "Hanto38Le": 0.0, "uciccolella": 0.0, "WhobbaBobba": 0.0, "mariatihui": 0.0, "RSmith1935": 0.0, "yokoboji": 0.020109375000000002, "katforpeace": 0.0, "DontBooo_Vote": 0.028125, "ChampB50": 0.0, "Texaskenny": 0.0, "CathleenKucz": 0.0}
1140037496367009792,SSJreef,false,[basketball,nba],{"SSJreef": 1, "mostdope_blade": 0.0, "miss_baller25": 0.0, "zachmadsen_14": 0.0, "Tdub2x1": 0.0, "ChinoBambino212": 0.0, "Valeriagee_14": 0.0, "ODOTG": 0.0, "yungtok_": 0.0, "Qynceeee": 0.0, "Raj_Patel2016": 0.0, "_ClutchCarter": 0.0, "BoxerCabrera": 0.0, "ZacharyKeesee": 0.0, "MJWint22": 0.0, "BallingOut_Jay": 0.0, "DaReal_EA6": 0.0, "KayJay20_": 0.0, "Adondon88": 0.0, "yaboyyjohnn": 0.0, "Fwafo": 0.0, "ErockG86": 0.0, "kristian_suc": 0.0, "Kev_j42": 0.0, "ywouldihogtie": 0.0, "Sjohn8_": 0.0, "Taylor_Todd11": 0.0, "SocioCecil": 0.0, "datboi_miles": 0.0, "OVOJODY726": 0.0, "Moham3dOmar": 0.0, "Marcus_Cee": 0.0, "imshaunn": 0.0, "Realslimo": 0.0, "iamtariqahmad": 0.0, "TreHayden": 0.0, "wcotchery2": 0.0, "jspaceb": 0.0}
1140351859464404992,markstouch,false,None,{"markstouch": 1, "pmojiis": 0.0, "pattamook": 0.0, "mark_markkk_": 0.0, "babybird_12": 0.0, "llzpys": 0.0, "_styedk": 0.0, "chompoo_NEW": 0.0, "JIPHY888": 0.0, "zqiqeqemo": 0.0, "ZeinnisaMk": 0.0, "Rusherahgase": 0.0, "tunniez": 0.0, "Justmmt93": 0.0, "jingjanarak": 0.0, "igot7marklove96": 0.0, "snowflower852": 0.0, "JULY90_": 0.0, "_mmtuan_": 0.0, "CHEEYA12": 0.0, "MMT_XCIX": 0.0, "acxXUg7": 0.0, "GGG11710146": 0.0, "joondionys": 0.0, "kebam202": 0.0, "AidatulJamil": 0.0}
1139885238912348161,heyitsmekyleee_,false,None,{"heyitsmekyleee_": 1, "fannyyflrs": 0.0, "kathreena18": 0.0, "_heysasha": 0.0, "LakiGym": 0.0, "zxcyeeey": 0.0, "JoyyOccenola": 0.0, "_demonyita": 0.0, "bells_kylo": 0.0, "ChristineZyrax": 0.0, "__nianaa": 0.0, "heroicleem": 0.0, "glecyyklairee": 0.0, "pmsreyes": 0.0, "laikuuhh": 0.0, "rryannred": 0.0, "Sunnyniquee": 0.0, "MkyllDynnBrjl": 0.0, "yohaniessi": 0.0, "kandeschowa": 0.0, "prstnangl": 0.0, "dbautistaaaa": 0.0, "edwarfxoxo": 0.0, "FerlyFerlita": 0.0, "crrnbstrd": 0.0, "dodayebcas": 0.0, "RamarHCastillo": 0.0, "nico_larina": 0.0, "clangskie_": 0.0, "juliaa_ignacio": 0.0, "jnnyque": 0.0, "abigaaailxc": 0.0, "mjqtrno": 0.0, "MollineG_15": 0.0, "yrral_02": 0.0, "kareenyaaa": 0.0, "ShaniceMacho": 0.0, "_elenggg": 0.0, "trishamacaspac2": 0.0}
1139969808680857601,RaquelWillis_,false,[pride,lgbtq],{"RaquelWillis_": 1, "LulaWitzescher": 0.0, "KayleeAvery4": 0.0, "BlerdMommy": 0.0, "ToddBohannon": 0.0, "Grimmster2": 0.0, "mianxxtdoor": 0.0, "onetreegill": 0.0, "okaaykvn": 0.0, "prettyxpolitics": 0.0, "hppyhppie": 0.0, "AmelieColomar": 0.0, "abbeyhoova_": 0.0, "badbihh_sadsoul": 0.0, "ultrabyelence": 0.0, "its_Teeee": 0.0, "MattBritton1976": 0.0, "Cithoge": 0.0, "notextzone": 0.0, "breanapink98": 0.0, "Jay_Is_Here001": 0.0, "lemooniqe": 0.0, "joaoz23": 0.0, "hopesantanana": 0.0, "kgfrmdablock": 0.0, "xoxo_elaa": 0.0}
1139977232590544897,JustineSkye,false,None,{"JustineSkye": 1, "soontobeDrD": 0.0, "TGaroy": 0.0, "briitazzz": 0.0, "No_luck_13": 0.0, "lastkings784": 0.0, "FlyGirl_Nae": 0.0, "Carl_Heinz2312": 0.0, "graziellaebb": 0.0, "kim__antonia": 0.0, "nvdhra99": 0.0, "PriscaMwhitley": 0.0, "macaanfay": 0.0, "badgyalbritney": 0.0, "mspetty24": 0.0, "nolvic1": 0.0, "mo4moral": 0.0, "Rvlls_": 0.0, "Ms_FukaAnn": 0.0, "Hippiemsft": 0.0, "jabbaah_": 0.0, "Tomisiinn": 0.0, "_TheOnlyNuchii": 0.0, "Sandyyyyhardy": 0.0, "ife_oa": 0.0, "OniZay": 0.0, "localhairdealer": 0.0, "illest_ayanna": 0.0}
1139971037620310016,7eelin,false,None,{"7eelin": 1, "Philipe_sh": 0.0, "Jennyfe85133135": 0.0, "jenijeniCosta": 0.0, "negrinho445": 0.0, "sadbuthatice": 0.0, "dcvilsangcl": 0.0, "Sbkb14": 0.0, "diianacatarinaa": 0.0, "nymphvt": 0.0, "claunoitegpf": 0.0, "shifongii": 0.0, "marianaa_ah": 0.0, "Bangsatluuu": 0.0, "_disaasterr_": 0.0, "bevelakay": 0.0, "acapyeap": 0.0, "happy_langgg": 0.0, "BLilabuggurl": 0.0, "jarnevdb7": 0.0, "lehalea97": 0.0, "PlongJose_": 0.0, "riphislungsout": 0.0}
1140035697019183105,getnickwright,false,[basketball,nba],{"getnickwright": 1, "EJLovesBoxing": 0.0, "lakurnashun": 0.0, "Jeanthehyphen": 0.0, "Go_Dawgs_91": 0.0, "_KillaKev_2k18": 0.0, "JayP4evaEva": 0.0, "CuseRedsDreams": 0.0, "cevandantu": 0.0, "RelThePhotoMan": 0.0, "kkim9da": 0.0, "123dave_": 0.0, "Theactualhashmi": 0.0, "primetimenate_": 0.0, "InkandAmmo": 0.0, "MattHammer28": 0.0, "jumpmanjb_23": 0.0, "djhughes1599": 0.0, "brandon_boutot_": 0.0, "letsknapp": 0.0, "WerksmanStevew": 0.0, "ThisNotRuss": 0.0, "Trfitz9": 0.0, "NateDiner0": 0.0, "peedypopoff": 0.0, "letmebe860": 0.0, "TruthSe57481406": 0.0, "mitchyman10": 0.0, "Cortland22": 0.0, "hereforlate": 0.0, "mose_canseco_jr": 0.0, "bucketology_": 0.0, "A3GMars": 0.0, "Johnoble": 0.0, "iamwill1k": 0.0, "alexstockton369": 0.0}
1140210192631701504,hxllywilliams,false,None,{"hxllywilliams": 1, "MiaMullen15": 0.0, "cowan_rebs": 0.0, "_Pxrpetua": 0.0, "anderson_eilidh": 0.0, "mikeyfr_": 0.0, "ChloeRuttley": 0.0, "nikkivincent_": 0.0, "EveWatersx": 0.0, "x_wanderlust_xo": 0.0, "itsyagall": 0.0, "thatgirlkath": 0.0, "mickeysp_": 0.0, "xbethanyhill": 0.0, "toby_jmitchell": 0.0, "catherinedanxo": 0.0, "probablycraig": 0.0, "_ghumra": 0.0, "Scarletts_xx": 0.0, "katiexmcdermott": 0.0, "milliemorrisonn": 0.0, "yazminjadx": 0.0, "RileighTurner_x": 0.0, "CannyJoe_cool": 0.0, "LewisCochranee": 0.0, "grahntaire": 0.0, "ellenicolaskye": 0.0, "lucycondron_": 0.0, "seyhr__": 0.0, "FreyajohnstoneX": 0.0, "jessperkinsx": 0.0, "_meeshclifton": 0.0, "niamhdungate": 0.0, "Arory_": 0.0, "shannonosull_": 0.0, "GeorginaStyles": 0.0, "livirving_": 0.0, "ThenamesTheresa": 0.0, "Belle_Rowan": 0.0, "bolgerbrandie": 0.0, "sakt___": 0.0, "alphadeadbeat": 0.0, "stephcainx": 0.0, "amberyan03": 0.0, "CathXIX": 0.0, "Niamh_Donnellan": 0.0, "tamillonaire": 0.0, "JoannaWinters0": 0.0, "lilydomino": 0.0, "liz_afc": 0.0, "megthomas98_": 0.0, "Charconway_": 0.0, "bayleyniven2": 0.0, "ZoJordan1": 0.0}
1140089744799358978,choi_bts2,false,None,{"choi_bts2": 1, "Pon_tng": 0.0, "bangtansoars": 0.0, "zkensia": 0.0, "ZubariyaBabar": 0.0, "M_o_t_s_persona": 0.0, "Cutie_Jimin": 0.0, "kittyarmythyst": 0.0, "lilgbtmeow": 0.0, "btswithav": 0.0, "gummxx": 0.0, "kook_val": 0.0, "xynntear": 0.0, "Singularity1905": 0.0, "ddeangggyoongi": 0.0, "moonn134340": 0.0, "ggukgif": 0.0, "aniitaym": 0.0, "Ayessah8": 0.0, "qamarmy_": 0.0, "hesmyjung": 0.0, "Rosana72205770": 0.0, "sjinjoonie": 0.0, "diary1806": 0.0, "kidrauhlamina": 0.0, "ilawithluv": 0.0, "diyoonnie": 0.0, "spicy_sadness": 0.0, "613journey": 0.0, "Aideenden": 0.0, "hzl_bngtnsnyndn": 0.0, "m8tyseven": 0.03, "doldoloklok": 0.0, "MOJIMIN95": 0.0, "Vivitaegi000": 0.0, "rkiveshope": 0.0, "hyemiin_": 0.0, "Yanisa26076460": 0.0, "wet_bts": 0.0, "H1t0ri1": 0.0, "wkdbdlsdlek": 0.0, "mxnstae_": 0.0, "ForelsketSausad": 0.0, "NOITSABIGNO": 0.0, "NinaLimon2": 0.0, "JustLauraWest": 0.0}
1140553848743841798,MINToYou_1013,false,None,{"MINToYou_1013": 1, "alswlgus777": 0.0, "jiyongpen": 0.0, "901_wjdrnr_": 0.0, "madelly_loveme": 0.0, "honeyseovl": 0.0, "EXXcTVCxmIHpBqi": 0.0, "kajjafekook_": 0.0, "AmoKumamon": 0.0, "willy95z": 0.0, "pa_cyby": 0.0, "leenaZ15": 0.0, "Blue_taehyun": 0.0, "babemin1": 0.0, "xchms": 0.0, "hohoxeni": 0.0, "IDiawang": 0.0, "Whdbwls7777010": 0.0, "TLyanaya": 0.0, "VyTuong30121995": 0.0, "chimchimnuna_": 0.0, "xnotgonnalie": 0.0, "Mx5XCGf24s3kM4J": 0.0, "sexybrain_joon": 0.0, "cypherghost1": 0.0, "JK970211": 0.0, "Antonia64801551": 0.0, "PANG1404": 0.0}
1140550497486561280,outro_suga,false,None,{"outro_suga": 1, "7sweetest": 0.0, "ranchos0556": 0.0, "cat_nap_suga": 0.0, "AngelinaAzr": 0.0, "mang_chim": 0.0, "bubblep__": 0.0, "Yola1990114": 0.0, "tkfkdgo_wlals": 0.0, "mysxnq": 0.0, "yunko_mochi": 0.0, "Margaretbk14": 0.0, "01js0309": 0.0, "snowstaejin": 0.0, "catsforbts": 0.0, "MinMin_10130309": 0.0, "kamonn930": 0.0, "fahhsky_": 0.0, "haphuong1203": 0.0, "thuytiencp123": 0.0, "jimin_bts_bella": 0.0, "Khanh_bts_21": 0.0, "bts7xo": 0.0, "Nuk220": 0.0, "hey_stopeuit": 0.0, "IsMePon": 0.0, "jimiinist": 0.0, "v__kim167": 0.0, "seokjjnie": 0.0, "realsupertae": 0.0, "taehyung_fantw": 0.0, "pockyEHEH": 0.0, "bmuukt_": 0.0, "vrin_me": 0.0, "balquiche": 0.0, "BtsMemory": 0.0, "phosthx": 0.0, "Halolong_d": 0.0}
1139876779001298946,tsuyukito,false,None,{"tsuyukito": 1, "trishiadenise": 0.0, "ah_yeah_hahaha_": 0.0, "byunse944": 0.0, "mochichibaek": 0.0, "loey_exo2711": 0.0, "baekkugou": 0.0, "jongsehgifs": 0.0, "bxwcyp_": 0.0, "pcyhedelic": 0.0, "ABCDOHKYUNGSOO_": 0.0, "kesumasehun": 0.0, "sunnidaes": 0.0, "nxxmdq": 0.0, "pupperchanyeol": 0.0, "pdillx": 0.0, "Lino9490": 0.0, "overdoserngh": 0.0, "EureongiOppa": 0.0, "mybiasisEXO": 0.0, "alwaysebaek": 0.0, "chanbaekOSH": 0.0}
1140486425286082560,prdsefg,false,None,{"prdsefg": 1, "Igot7Soul": 0.0, "leo0336": 0.0, "jbjy_9416922": 0.0, "CitraIndah_": 0.0, "Namhwanz_6613": 0.0, "ChanMeiKi4": 0.0, "wxrxyx": 0.0, "Nani_CYJ1709": 0.0, "gargi_def": 0.0, "Jus2Got7kings": 0.0, "kw_jjp": 0.0, "U9YVxZJX4bgKrLj": 0.0, "angelaxgot7": 0.0, "thisisjiya": 0.0, "Phak_PH": 0.0, "12ndstone": 0.0, "fhunz_2941": 0.0, "mysscolour": 0.0, "ttchywyq": 0.0, "HottestBird118": 0.0, "JBismine8": 0.0, "PhuongP03146013": 0.0, "btscjb": 0.0, "Def_yousoul": 0.0, "xcvi_1n": 0.0, "nujittiya": 0.0, "jbyg86": 0.0, "MyLittleSun3": 0.0, "ms_jaebeom": 0.0, "ToSugargot7": 0.0, "nidalin23": 0.0, "karithatuan": 0.0, "pjysjaebum": 0.0}
1140410386753003520,mshelton,false,None,{"mshelton": 1, "jim_deane": 0.0, "PoseySessions": 0.0, "aworas": 0.0, "LabbaoMonica": 0.0, "vonkarama": 0.0, "TMinus36": 0.0, "veronerd": 0.0, "DantzlerSmith": 0.0, "MyEyesAreHurtin": 0.0, "valmrhmf": 0.0, "boul3t": 0.0, "tripcreates": 0.0, "MorlockP": 0.0, "thinky": 0.0, "_AldanaOrtiz": 0.0, "Zaidana": 0.0, "nebulaeon": 0.0, "Theozilla01": 0.0, "withanienotay": 0.0, "hirokonishimura": 0.0, "KaylorDave": 0.0, "gloomychic": 0.0, "Leinton": 0.0, "MeBeThem4815": 0.0, "ericagrenger": 0.0, "Hummigbird1": 0.0, "j_venegasa": 0.0, "bus7dz": 0.0, "LC_McNeil": 0.0, "GuiBallad": 0.0, "Leviathean": 0.0, "VictoriaSanchis": 0.0, "peachcrft": 0.0, "the_torto": 0.0, "bella__eh": 0.0, "chichar_eon": 0.0, "PeregrineArmada": 0.0, "6corgis1mind": 0.0}
1140223773804658688,beaadmires1D,false,None,{"beaadmires1D": 1, "13d20172333421": 0.0, "thegxcciharry": 0.0, "Juniorama_": 0.0, "Lvia_Gallo": 0.0, "lovesblaster": 0.0, "malubraga19": 0.0, "stylesofshawn": 0.0, "AnaSara46017394": 0.0, "yikessandy": 0.0, "plutxgl": 0.0, "desia1975": 0.0, "Andyboludx": 0.0, "renataeusebio20": 0.0, "prettymermaid1_": 0.0, "BrookeLilen": 0.0, "gel_magalong": 0.0, "ValiantVeronica": 0.0, "haroldislife_": 0.0, "directioners933": 0.0, "rhapsodharry": 0.0, "fqahsabrn": 0.0, "Iovecjb": 0.0}
1140385690695245824,bankrollvic_,false,None,{"bankrollvic_": 1, "btk_arii21": 0.0, "_lezzly": 0.0, "jennniifferr": 0.0, "Vyxmartinez": 0.0, "champagnemamass": 0.0, "justedwurd": 0.0, "trejosthots": 0.0, "Dnezeyyy": 0.0, "_lanythegreat": 0.0, "YoungGodAbe": 0.0, "GarzaJ0e": 0.0, "ojodelgato": 0.0, "AKevss": 0.0, "wxndyboo": 0.0, "diazkarla476": 0.0, "johnbrazil__": 0.0, "jessiedwyer99": 0.0, "DukyStainz": 0.0, "diaheav": 0.0, "grandpa_girth": 0.0, "lovely_erica_": 0.0, "_mohdizzuddin": 0.0, "deanjesus31": 0.0, "Divo216": 0.0, "TonyTheGod1": 0.0, "_Jaylaaa": 0.0, "rifaieninja": 0.0, "bucheeri4": 0.0, "JoaquuinC": 0.0, "adalyc17": 0.0, "dariKlannes": 0.0, "badgalqq": 0.0, "franco_steven_": 0.0, "Millyy_Vanillyy": 0.0, "btrosper3": 0.0, "debraahgarciaa": 0.0, "VicenteOcho5": 0.0, "cutsofresh47": 0.0, "hustlemanchop_": 0.0, "200Jayy": 0.0, "thegxdsdead": 0.0, "bxbywoods": 0.0, "jay_mounea": 0.0, "_Eli_as": 0.0, "_lexilovelace2": 0.0, "somerle_r": 0.0, "semiisweet_": 0.0, "Nile_River7": 0.0, "Litxj": 0.0, "heathpleath16": 0.0, "___moomoo____": 0.0, "Tbaumannn": 0.0, "Just4Fun94": 0.0, "JGSpeaks7": 0.0, "stefenmay": 0.0, "natestrong34": 0.0, "ErikaBriden": 0.0, "mustvfx": 0.0, "auBRI_BRIdoee": 0.0, "ohitscee": 0.0, "lsaiah420": 0.0, "seldahearts": 0.0, "GioMtz99": 0.0}
1140240721619955714,politicususa,true,[trump,politics],{"politicususa": 1, "layton514": 0.0, "manyfeathers514": 0.0, "silverthornn264": 0.0, "greyhoundpom": 0.0, "DonnaJoWilliams": 0.0, "ArtisticEye1": 0.0, "VBMiMi": 0.0, "JGonering": 0.0, "GeostompX": 0.0, "donniedingdong": 0.02903225806451613, "SusanWH": 0.02903225806451613, "whynotr1": 0.0, "Georgia17753006": 0.0, "Katheri17908904": 0.02903225806451613, "Zenman1550": 0.0, "santo_aol": 0.050389775757077024, "medproretired": 0.02903225806451613, "Mike_Padgett": 0.0, "pbrowning02": 0.0, "roentgens9": 0.0, "darmagirl24": 0.0, "lavenderblue27": 0.0, "edw_al": 0.0, "uciccolella": 0.0, "EdaciousGardens": 0.0, "Bjorkian15": 0.0374049539170507, "moethedog97": 0.0, "WhobbaBobba": 0.0, "carol_33410": 0.0, "Splimengate": 0.0, "ohiomail": 0.05378225806451612, "maritzasolito": 0.06241676267281106, "BeeElleGee": 0.0}
1139849809634791424,roopnayandarak,false,[india,mafia],{"roopnayandarak": 1, "SattvikHippie": 0.0, "adityasaxena200": 0.0, "SrinKorlepara": 0.0, "thelameexcuse": 0.0, "RashmiHajela": 0.0, "SeemaSi80252530": 0.0, "RudhisundarB": 0.0, "vaibhav_milan": 0.0, "inav88": 0.0, "CaptAssamRegt": 0.0, "MysticBalaa": 0.0, "Kari81709371": 0.0, "pandumint": 0.0, "Baghrakasher": 0.0, "prabhumetikurke": 0.0, "AryaVanshAjay": 0.0, "OnlyModi4": 0.0, "n__v": 0.0, "NirupaShankar": 0.0, "Sunilknb": 0.0, "prasad_sumit_": 0.0, "AjanuCoelho": 0.0, "Oushinar": 0.0, "smart_dalit": 0.0, "cKuduR": 0.0, "IndianPatriotOM": 0.0, "NeetaParmar13": 0.0, "AdityaHari14": 0.0, "anishnair87": 0.0, "Henishsutaria": 0.0, "RajeshP40380756": 0.0, "Priti_64": 0.0, "VaibhavDutt5": 0.0, "Pareshpp133": 0.0}
